label,img_distance,anomaly_score,z_distance
0,2.0932772159576416,19.060110092163086,0.3696591258049011
0,0.011949769221246243,0.015498457476496696,9.050798689713702e-05
0,0.014530034735798836,0.01550552062690258,0.0010679671540856361
0,0.013036651536822319,0.013036814518272877,0.00041420498746447265
0,0.011848760768771172,0.018347743898630142,6.952722469577566e-05
0,0.012553500011563301,0.012851040810346603,0.00025924647343344986
0,0.023780563846230507,0.050388600677251816,0.007363022305071354
0,0.011857904493808746,0.0179214458912611,7.093183376127854e-05
0,0.011833129450678825,0.02203180268406868,6.47776760160923e-05
0,0.012099631130695343,0.013893594965338707,0.00012873350351583213
0,0.028408193960785866,0.07354456186294556,0.010858690366148949
0,0.011891912668943405,0.01673758029937744,7.751140219625086e-05
0,0.023804623633623123,0.05049843341112137,0.007382044102996588
0,0.012044577859342098,0.01430240087211132,0.00011409861326683313
0,0.01203410979360342,0.014390021562576294,0.00011145508324261755
0,0.012132018804550171,0.01369448285549879,0.0001376056607114151
0,0.029704518616199493,0.08103121817111969,0.011536739766597748
0,0.018811317160725594,0.028895169496536255,0.003586022648960352
0,0.013082902878522873,0.013083585537970066,0.0004328315262682736
0,0.01322136539965868,0.013239831663668156,0.0004896402824670076
0,0.012465774081647396,0.012903484515845776,0.00023318578314501792
0,1.011504888534546,8.72146224975586,0.2478979527950287
0,0.012140884064137936,0.013644624501466751,0.00014006043784320354
0,0.011883757077157497,0.0169803649187088,7.579410157632083e-05
0,0.012061667628586292,0.014165563508868217,0.00011854706099256873
0,0.016762197017669678,0.021657653152942657,0.002255842788144946
0,0.012438404373824596,0.012927462346851826,0.00022512920259032398
0,0.013408464379608631,0.013483019545674324,0.0005680759204551578
0,0.011974246241152287,0.0151071073487401,9.64852879405953e-05
0,0.012798995710909367,0.012862308882176876,0.00033373376936651766
0,0.013944348320364952,0.014340265654027462,0.0007983599207364023
0,0.012699982151389122,0.01283346489071846,0.00030345129198394716
0,0.015138085931539536,0.016895068809390068,0.0013631839537993073
0,0.0159298125654459,0.019007936120033264,0.001776475110091269
0,0.012504739686846733,0.012875807471573353,0.00024471821961924434
0,0.012691458687186241,0.012832400389015675,0.0003008584608323872
0,0.011952104978263378,0.015458506532013416,9.106849756790325e-05
0,0.012410509400069714,0.012956026010215282,0.00021695918985642493
0,0.012835463508963585,0.01288004033267498,0.0003449573996476829
0,0.012488145381212234,0.01288670301437378,0.00023979747493285686
0,0.012091334909200668,0.013949232175946236,0.00012648655683733523
0,0.011926165781915188,0.01593819446861744,8.49895877763629e-05
0,0.012802713550627232,0.012863950803875923,0.0003348762693349272
0,0.012326731346547604,0.01306983083486557,0.00019269491895101964
0,0.012744764797389507,0.012842854484915733,0.0003171112039126456
0,0.014153117313981056,0.014732767827808857,0.0008925148285925388
0,0.015516050159931183,0.017831506207585335,0.001552871661260724
0,0.011834881268441677,0.022426707670092583,6.476174894487485e-05
0,0.015410502441227436,0.017565038055181503,0.0014994796365499496
0,0.01306620892137289,0.013066357932984829,0.00042608403600752354
0,0.020365020260214806,0.035252511501312256,0.004723223391920328
0,0.02191806212067604,0.04201677069067955,0.005907577928155661
0,0.05281045287847519,0.23076820373535156,0.022634655237197876
0,0.01280179526656866,0.012863541953265667,0.00033459364203736186
0,0.016734100878238678,0.021564094349741936,0.0022394023835659027
0,0.01601913385093212,0.01927925832569599,0.0018272522138431668
0,0.021163159981369972,0.03868407756090164,0.005326768849045038
0,0.014159946702420712,0.014746065251529217,0.0008956332458183169
0,0.011944955214858055,0.015582636930048466,8.936128142522648e-05
0,0.013873714953660965,0.014213933609426022,0.000767055491451174
0,0.24452871084213257,1.7713587284088135,0.09014754742383957
0,0.012425013817846775,0.01294063962996006,0.00022120200446806848
0,0.012626471929252148,0.012832402251660824,0.0002811705053318292
0,0.7838550209999084,6.607583045959473,0.21121366322040558
0,0.015468212775886059,0.017710281535983086,0.001528633525595069
0,0.011932098306715488,0.015821004286408424,8.635026460979134e-05
0,0.01214119978249073,0.013642891310155392,0.00014014758926350623
0,0.012091295793652534,0.01394949946552515,0.00012647600669879466
0,0.012072807177901268,0.014081006869673729,0.00012150957627454773
0,0.015218757092952728,0.017090696841478348,0.0014033097540959716
0,0.012578524649143219,0.012842276133596897,0.0002667414373718202
0,0.01328444667160511,0.013318448327481747,0.0005162249435670674
0,0.011919079348444939,0.016084833070635796,8.338956104125828e-05
0,0.01843099109828472,0.027482090517878532,0.0033237060997635126
0,0.012219362892210484,0.013300064019858837,0.00016219359531532973
0,0.013898905366659164,0.014258595183491707,0.0007781864842399955
0,0.19517967104911804,1.3525078296661377,0.07482582330703735
0,0.014630050398409367,0.015722863376140594,0.0011155718239024282
0,0.02087218128144741,0.037421464920043945,0.005105399526655674
0,0.012053417973220348,0.01423097774386406,0.00011636790441116318
0,0.07247526943683624,0.3704242706298828,0.0312935970723629
0,0.012506752274930477,0.012874575331807137,0.0002453157212585211
0,0.013115971349179745,0.013118756003677845,0.0004461970238480717
0,0.012025680392980576,0.014465810731053352,0.00010934405872831121
0,0.012240370735526085,0.01323955599218607,0.00016819429583847523
0,0.02270854078233242,0.045553065836429596,0.006522187031805515
0,0.012760225683450699,0.012847524136304855,0.0003218422061763704
0,0.012848330661654472,0.012887144461274147,0.0003489262890070677
0,0.012408493086695671,0.012958264909684658,0.0002163700555684045
0,0.012382496148347855,0.01298919040709734,0.00020879779185634106
0,1.3351972103118896,11.774893760681152,0.2917479872703552
0,1.6365137100219727,14.653023719787598,0.32613059878349304
0,1.928834080696106,17.467599868774414,0.3549753725528717
0,0.012869586236774921,0.012899819761514664,0.00035549080348573625
0,0.01202564500272274,0.014466183260083199,0.00010933518933597952
0,0.01645718701183796,0.020656585693359375,0.0020784358493983746
0,0.012027216143906116,0.01444998662918806,0.00010972759628202766
0,0.012768817134201527,0.012850427068769932,0.0003244736581109464
0,0.013090177439153194,0.013091201893985271,0.0004357609141152352
0,1.2912760972976685,11.357996940612793,0.28626778721809387
0,2.0794167518615723,18.92563819885254,0.3684594929218292
0,2.317025899887085,21.23629379272461,0.38814684748649597
0,1.7501556873321533,15.74462604522705,0.3378036320209503
0,1.6633695363998413,14.910801887512207,0.328949511051178
0,1.751120686531067,15.753908157348633,0.3379001319408417
0,1.7509881258010864,15.752634048461914,0.33788686990737915
0,2.0687685012817383,18.822372436523438,0.36753323674201965
0,0.02015583962202072,0.03437033295631409,0.004567029885947704
0,0.43011513352394104,3.395442247390747,0.13959313929080963
0,0.012126727029681206,0.013725153170526028,0.0001361459871986881
0,0.01793244294822216,0.02569870837032795,0.002986784791573882
0,0.015771325677633286,0.018538720905780792,0.001687112613581121
0,0.012621462345123291,0.012833028100430965,0.0002796588814817369
0,0.011876817792654037,0.01720421202480793,7.439195178449154e-05
0,0.01191091537475586,0.01626354269683361,8.158422861015424e-05
0,0.0500345379114151,0.2119142860174179,0.02134823612868786
0,0.04829075559973717,0.19999979436397552,0.020533503964543343
0,0.01190162356942892,0.016481179744005203,7.958553760545328e-05
0,0.012664278969168663,0.01283061970025301,0.00029260682640597224
0,0.014723525382578373,0.015930239111185074,0.001160423387773335
0,0.04221211373806,0.15935087203979492,0.017661122605204582
0,0.34800752997398376,2.6688408851623535,0.11934101581573486
0,0.04228256642818451,0.15981340408325195,0.017694728448987007
0,1.36577308177948,12.06553840637207,0.2954862415790558
0,1.871983528137207,16.918521881103516,0.3496575355529785
0,0.2724514305591583,2.01127552986145,0.09840639680624008
0,0.01298788283020258,0.012990855611860752,0.0003948529774788767
0,1.1632258892059326,10.146917343139648,0.2694953680038452
0,0.01212003082036972,0.013764985837042332,0.00013430390390567482
0,0.012624197639524937,0.01283267606049776,0.00028048394597135484
0,0.014731626026332378,0.01594839245080948,0.0011643266770988703
0,0.0120319789275527,0.01440836675465107,0.0001109196527977474
0,0.014168544672429562,0.014762843027710915,0.0008995632524602115
0,0.011875881813466549,0.01723581925034523,7.420724432449788e-05
0,0.012470264919102192,0.012899915687739849,0.00023451117158401757
0,0.014197004958987236,0.01481869537383318,0.0009125985088758171
0,0.013123549520969391,0.013127012178301811,0.0004492778389248997
0,0.011958626098930836,0.0153500372543931,9.264454274671152e-05
0,0.012895016930997372,0.012916475534439087,0.00036336109042167664
0,0.02192634902894497,0.042053814977407455,0.0059140026569366455
0,0.01268832478672266,0.01283207070082426,0.00029990525217726827
0,0.012625906616449356,0.012832468375563622,0.00028099960763938725
0,0.012114127166569233,0.01380105223506689,0.0001326853671343997
0,0.013332393951714039,0.013381090946495533,0.0005367054836824536
0,0.014138968661427498,0.014705308713018894,0.0008860605885274708
0,0.020703867077827454,0.03669707477092743,0.0049780383706092834
0,0.19116613268852234,1.318783164024353,0.07353489845991135
0,0.021187540143728256,0.03879043087363243,0.005345382262021303
0,0.13129225373268127,0.824737548828125,0.05334555357694626
0,0.025803957134485245,0.059893231838941574,0.008983391337096691
0,0.01885957084596157,0.029085244983434677,0.003620470641180873
0,0.01204013079404831,0.014339127577841282,0.0001129726369981654
0,0.01194720808416605,0.015542921610176563,8.989676280179992e-05
0,0.012295885011553764,0.013123685494065285,0.00018387718591839075
0,0.09687376022338867,0.5555187463760376,0.04080048203468323
0,0.4746863842010498,3.79372239112854,0.14990739524364471
0,0.6712432503700256,5.574227809906006,0.19071350991725922
0,0.01223230641335249,0.01325953658670187,0.00016590610903222114
0,1.8098350763320923,16.319194793701172,0.34369096159935
0,2.1085095405578613,19.207927703857422,0.3709699213504791
0,2.0212039947509766,18.361371994018555,0.3633463978767395
0,0.06464049220085144,0.3130059838294983,0.027986181899905205
0,1.486025094985962,13.211840629577637,0.30961647629737854
0,0.012012669816613197,0.014605091884732246,0.00010611967445584014
0,0.02472928911447525,0.05476107448339462,0.008117851801216602
0,0.012016477063298225,0.014563441276550293,0.00010705848399084061
0,0.012050686404109001,0.014253084547817707,0.0001156524958787486
0,0.023616278544068336,0.0496399886906147,0.007233285345137119
0,0.012536325491964817,0.012858571484684944,0.00025411744718439877
0,0.03316887468099594,0.10181009024381638,0.013269081711769104
0,0.01241451594978571,0.012951656244695187,0.00021813026978634298
0,0.011878665536642075,0.017142895609140396,7.47594385757111e-05
0,0.01193310134112835,0.01580165885388851,8.658239676151425e-05
0,0.012704548425972462,0.01283413078635931,0.00030484129092656076
0,0.01298920251429081,0.012992052361369133,0.0003953719569835812
0,0.041109390556812286,0.15213462710380554,0.01713401824235916
0,0.034367822110652924,0.10919363051652908,0.013861346058547497
0,0.021253643557429314,0.03907926380634308,0.005395899061113596
0,0.0255129411816597,0.05847606807947159,0.008747990243136883
0,0.014193587936460972,0.014811965636909008,0.000911031267605722
0,0.01188484113663435,0.01694689691066742,7.601829565828666e-05
0,0.014307630248367786,0.015040204860270023,0.0009636429022066295
0,0.015026278793811798,0.01662801392376423,0.0013079181080684066
0,0.0510353147983551,0.21869556605815887,0.021813277155160904
0,0.026529591530561447,0.06345895677804947,0.009573390707373619
0,0.013735995627939701,0.013977833092212677,0.0007068900158628821
0,0.015550589188933372,0.017919491976499557,0.001570410910062492
0,0.014706248417496681,0.015891611576080322,0.0011521091219037771
0,0.015265144407749176,0.01720426417887211,0.0014264745404943824
0,0.04541371017694473,0.18055379390716553,0.019180012866854668
0,0.10321906208992004,0.6046538352966309,0.04318569228053093
0,0.04308486729860306,0.16509485244750977,0.018076831474900246
0,0.06146947294473648,0.29066789150238037,0.026570383459329605
0,0.017452361062169075,0.024014046415686607,0.002676878124475479
0,0.2045140564441681,1.431157112121582,0.07780075818300247
0,0.012254441156983376,0.013207719661295414,0.00017214413674082607
0,0.012980804778635502,0.012984482571482658,0.0003920704184565693
0,0.016112446784973145,0.019566265866160393,0.001880571013316512
0,0.39818355441093445,3.1116936206817627,0.13192059099674225
0,0.08827504515647888,0.48951661586761475,0.03751346468925476
0,1.578484296798706,14.096464157104492,0.319906622171402
0,0.08846686035394669,0.49098098278045654,0.037587519735097885
0,0.012420183047652245,0.012945631518959999,0.00021978768927510828
0,1.3518799543380737,11.933433532714844,0.2937953472137451
0,0.1968856006860733,1.3668590784072876,0.07537234574556351
0,0.054845258593559265,0.24469639360904694,0.023571211844682693
0,0.09256037324666977,0.522321343421936,0.039159808307886124
0,0.012997126206755638,0.012999293394386768,0.0003984961367677897
0,0.011835300363600254,0.02251002937555313,6.476719863712788e-05
0,0.012560258619487286,0.012848418205976486,0.00026126852026209235
0,0.011918176896870136,0.016104040667414665,8.318798791151494e-05
0,0.014167309738695621,0.014760426245629787,0.0008989983471110463
0,0.014576145447790623,0.01560512837022543,0.0010898638283833861
0,0.012357703410089016,0.013022532686591148,0.00020161390420980752
0,0.014837563969194889,0.016188526526093483,0.0012155938893556595
0,0.015088471584022045,0.01677597686648369,0.0013386100763455033
0,0.012600074522197247,0.012836746871471405,0.0002732152643147856
0,0.012807038612663746,0.012865908443927765,0.0003362057905178517
0,0.01855318434536457,0.027931716293096542,0.003407425479963422
0,0.03328774869441986,0.10253815352916718,0.01332795713096857
0,0.026796644553542137,0.06478229910135269,0.009791560471057892
0,0.03204575553536415,0.09497793018817902,0.012711037881672382
0,0.015757489949464798,0.018499724566936493,0.0016793811228126287
0,0.02958420105278492,0.08032640814781189,0.011475959792733192
0,0.02191206067800522,0.041989997029304504,0.005902924109250307
0,0.015730876475572586,0.018424134701490402,0.0016647770535200834
0,0.013273044489324093,0.013303913176059723,0.0005113894585520029
0,0.015746599063277245,0.01846907287836075,0.001673300750553608
0,0.014982067048549652,0.016523754224181175,0.0012861781287938356
0,0.012345252558588982,0.013040765188634396,0.0001980210654437542
0,0.012387445196509361,0.012982988730072975,0.00021023656881880015
0,0.012449268251657486,0.012917477637529373,0.00022832244576420635
0,0.02192392759025097,0.04204298183321953,0.005912126041948795
0,0.015473492443561554,0.017723627388477325,0.0015313064213842154
0,0.011878134682774544,0.01716036908328533,7.465349335689098e-05
0,0.017799993976950645,0.025238193571567535,0.002899277489632368
0,0.02120557799935341,0.03886916860938072,0.005359156522899866
0,0.011841638945043087,0.01878197118639946,6.841857975814492e-05
0,0.014215255156159401,0.01485475990921259,0.0009209790150634944
0,0.01318106334656477,0.013191968202590942,0.0004728796484414488
0,0.011837025173008442,0.019254254177212715,6.734776252415031e-05
0,0.011938406154513359,0.015701478347182274,8.781789802014828e-05
0,0.012316009029746056,0.013087763451039791,0.0001896220783237368
0,0.012180938385426998,0.013442419469356537,0.0001512710005044937
0,0.07140429317951202,0.3624774217605591,0.030862849205732346
0,0.011896136216819286,0.016619516536593437,7.842542981961742e-05
0,0.011840476654469967,0.02335241064429283,6.498273432953283e-05
0,0.04291863739490509,0.16399863362312317,0.017997752875089645
0,0.012242250144481659,0.013235214166343212,0.00016871941625140607
0,0.024881605058908463,0.05547055974602699,0.008239886723458767
0,0.012876738794147968,0.012904341332614422,0.0003577032475732267
0,0.012052588164806366,0.014237683266401291,0.00011614966206252575
0,0.041429027915000916,0.15422141551971436,0.01728702522814274
0,0.02289070375263691,0.046366285532712936,0.006664074957370758
0,0.034653082489967346,0.11096318066120148,0.0140017569065094
0,0.012867339886724949,0.01289842464029789,0.000354796793544665
0,0.012245278805494308,0.013228262774646282,0.00016956923354882747
0,0.01189370360225439,0.01668696105480194,7.789679511915892e-05
0,0.011887498199939728,0.01686645857989788,7.657337846467271e-05
0,0.011994666419923306,0.014821106567978859,0.00010162936086999252
0,0.011902202852070332,0.01646709442138672,7.97084576333873e-05
0,0.012788951396942139,0.012858066707849503,0.000330649025272578
0,0.024966789409518242,0.05586821585893631,0.008308226242661476
0,0.011923195794224739,0.015998777002096176,8.43150046421215e-05
0,0.038925379514694214,0.13798847794532776,0.01608363725244999
0,0.0665307492017746,0.3266682028770447,0.028830626979470253
0,0.012110749259591103,0.013822102919220924,0.00013176174252294004
0,0.011941644363105297,0.01564210280776024,8.857825014274567e-05
0,0.02151723951101303,0.040237314999103546,0.005598064046353102
0,0.02863129787147045,0.07478947937488556,0.010992960073053837
0,0.01391590666025877,0.01428898423910141,0.0007857200689613819
0,0.012979231774806976,0.012983077205717564,0.000391453446354717
0,0.017012979835271835,0.02250417321920395,0.0024034176021814346
0,0.014253903180360794,0.014931762591004372,0.00093877874314785
0,0.03430986776947975,0.1088346540927887,0.013832795433700085
0,0.04483628273010254,0.17670369148254395,0.01890728436410427
0,0.012348152697086334,0.013036424294114113,0.00019885713118128479
0,0.012251708656549454,0.013213766738772392,0.00017137566464953125
0,0.012364179827272892,0.013013449497520924,0.00020348648831713945
0,0.016653267666697502,0.02129642851650715,0.002192214597016573
0,0.014036535285413265,0.014510172419250011,0.0008396451594308019
0,0.021244041621685028,0.03903726488351822,0.005388555116951466
0,0.019575728103518486,0.03196455165743828,0.004138634540140629
0,0.011830488219857216,0.020891331136226654,6.524309719679877e-05
0,0.24892191588878632,1.8089793920516968,0.09146547317504883
0,0.012912645004689693,0.012928947806358337,0.0003688255965244025
0,0.022449973970651627,0.04440505430102348,0.006321529392153025
0,0.0525534488260746,0.22901572287082672,0.022515982389450073
0,0.016426432877779007,0.020557496696710587,0.0020606822799891233
0,0.012189595028758049,0.013408364728093147,0.00015371757035609335
0,0.012856588698923588,0.01289193145930767,0.00035147526068612933
0,0.012939938344061375,0.012949710711836815,0.00037730042822659016
0,0.03182528167963028,0.09364691376686096,0.01260110642760992
0,0.03108280710875988,0.08919057250022888,0.01222992967814207
0,0.016739364713430405,0.021581601351499557,0.002242481103166938
0,0.014034299179911613,0.014505989849567413,0.0008386382833123207
0,0.021897707134485245,0.04192589223384857,0.005891798995435238
0,0.018618144094944,0.02817201241850853,0.003452103119343519
0,0.04771113395690918,0.19605892896652222,0.020261770114302635
0,0.013125709258019924,0.013129377737641335,0.00045015718205831945
0,0.015319649130105972,0.01733868196606636,0.0014537768438458443
0,0.017785457894206047,0.025186942890286446,0.002889803843572736
0,0.01865842193365097,0.028321443125605583,0.0034798651468008757
0,0.014924643561244011,0.0163895096629858,0.0012580410111695528
0,0.033894315361976624,0.10626699775457382,0.013627849519252777
0,0.030293058604002,0.08449657261371613,0.011833421885967255
0,0.06555412709712982,0.31959784030914307,0.02839474007487297
0,0.020267926156520844,0.0348421074450016,0.004650616552680731
0,0.024974292144179344,0.05590328201651573,0.008314249105751514
0,0.018438996747136116,0.02751145325601101,0.0033291771542280912
0,0.015852276235818863,0.018775224685668945,0.0017326155211776495
0,0.013774982653558254,0.014043250121176243,0.0007238015532493591
0,0.01192709431052208,0.015919558703899384,8.520081610186026e-05
0,0.05870664864778519,0.2713516354560852,0.02532772161066532
0,0.012884397991001606,0.01290932483971119,0.00036007314338348806
0,0.017882153391838074,0.0255258921533823,0.002953235525637865
0,0.028574280440807343,0.07446081936359406,0.010963966138660908
0,0.15353059768676758,1.005632996559143,0.06105742231011391
0,0.011991330422461033,0.014865598641335964,0.00010078041668748483
0,0.012910066172480583,0.012927076779305935,0.00036802541580982506
0,0.025754155591130257,0.05965014547109604,0.008943053893744946
0,0.01752684824168682,0.024274714291095734,0.0027240708004683256
0,0.012038753367960453,0.014350646175444126,0.00011262473708484322
0,0.013035065494477749,0.013035264797508717,0.000413569767260924
0,0.012485573068261147,0.012888508848845959,0.0002390360605204478
0,0.03123272769153118,0.09008709341287613,0.012305001728236675
0,0.012083065696060658,0.014006727375090122,0.00012425801833160222
0,0.011912686750292778,0.01622382551431656,8.19723354652524e-05
0,0.07447823882102966,0.3853319585323334,0.03209567070007324
0,0.013419519178569317,0.013498187996447086,0.0005726415547542274
0,0.029286488890647888,0.07858777046203613,0.011325372382998466
0,0.012895830906927586,0.012917034327983856,0.00036361318780109286
0,0.012092451564967632,0.013941621407866478,0.00012678836355917156
0,0.013047141954302788,0.013047156855463982,0.0004184084536973387
0,0.024654272943735123,0.05441238731145859,0.008057833649218082
0,0.014882872812449932,0.01629270799458027,0.0012376465601846576
0,0.012802156619727612,0.0128637021407485,0.00033470496418885887
0,0.01400031615048647,0.014442755840718746,0.0008233688422478735
0,0.029482869431376457,0.07973375171422958,0.011424734257161617
0,0.012173360213637352,0.013477308675646782,0.0001491351140430197
0,0.011996148154139519,0.01480160653591156,0.00010200759425060824
0,0.5240275859832764,4.237335681915283,0.16083122789859772
0,0.01395102497190237,0.01435238216072321,0.000801333982963115
0,0.012417097575962543,0.012948891147971153,0.00021888475748710334
0,0.012118304148316383,0.013775433413684368,0.0001338301954092458
0,0.024196302518248558,0.05229447782039642,0.007692642975598574
0,0.03741541504859924,0.12833192944526672,0.015352146700024605
0,0.012693146243691444,0.01283259131014347,0.0003013720561284572
0,0.07066844403743744,0.35702747106552124,0.030566100031137466
0,0.017585385590791702,0.02448059245944023,0.002761261537671089
0,1.9864637851715088,18.024991989135742,0.3602359890937805
0,0.5215713977813721,4.215190410614014,0.16029903292655945
0,0.011887715198099613,0.01686006225645542,7.661845302209258e-05
0,0.016778504475951195,0.02171207219362259,0.0022653937339782715
0,0.01213153637945652,0.013697255402803421,0.00013747239427175373
0,0.012817568145692348,0.012870888225734234,0.00033944504684768617
0,0.011836783960461617,0.022780660539865494,6.480504816863686e-05
0,0.012667190283536911,0.01283069234341383,0.00029348928364925086
0,0.012483143247663975,0.01289023831486702,0.00023831773432902992
0,0.01395299844443798,0.014355968683958054,0.0008022133843041956
0,0.012563473545014858,0.012847239151597023,0.00026223048917017877
0,0.018169013783335686,0.026528814807534218,0.003145703347399831
0,0.01568622887134552,0.01829696260392666,0.0016406510258093476
0,0.013898314908146858,0.014257540926337242,0.0007779250154271722
0,0.014581791125237942,0.015617395751178265,0.0010925513925030828
0,0.030623776838183403,0.0864562913775444,0.011999683454632759
0,0.025512391701340675,0.058473341166973114,0.008747543208301067
0,0.015513483434915543,0.017824983224272728,0.0015515697887167335
0,0.044343508780002594,0.17342671751976013,0.018674125894904137
0,0.012562399730086327,0.012847630307078362,0.00026190868811681867
0,0.09795603901147842,0.5638750791549683,0.04120965674519539
0,0.03932788223028183,0.14058014750480652,0.01627788133919239
0,1.8776171207427979,16.972896575927734,0.35019031167030334
0,0.9625166654586792,8.264094352722168,0.240474671125412
0,1.8281567096710205,16.49577522277832,0.3454670310020447
0,0.46892639994621277,3.7421157360076904,0.14859914779663086
0,0.012272264808416367,0.013169851154088974,0.0001771734532667324
0,0.048318084329366684,0.20018590986728668,0.020546305924654007
0,0.06040475144982338,0.2832070589065552,0.026092518121004105
0,0.012123246677219868,0.01374570932239294,0.00013518780178856105
0,0.012543104588985443,0.012855447828769684,0.00025614097830839455
0,0.02380814403295517,0.050514500588178635,0.007384828291833401
0,0.02633821591734886,0.06251423060894012,0.009417379274964333
0,0.012680144049227238,0.01283135637640953,0.0002974204544443637
0,0.04339038208127022,0.16711212694644928,0.018222050741314888
0,0.01188754104077816,0.016865210607647896,7.65820950618945e-05
0,0.01250378880649805,0.012876397930085659,0.0002444359415676445
0,0.013681193813681602,0.013887851499021053,0.0006832879153080285
0,0.2880805730819702,2.1463470458984375,0.10291248559951782
0,0.017857195809483528,0.02544032409787178,0.002936616772785783
0,0.013590913265943527,0.01374558825045824,0.0006447381456382573
0,0.017000840976834297,0.022462721914052963,0.0023962389677762985
0,0.015452248975634575,0.01766998879611492,0.0015205593081191182
0,0.016746997833251953,0.021607015281915665,0.00224694749340415
0,0.014824696816504002,0.01615910418331623,0.0012093456462025642
0,0.015237736515700817,0.0171370692551136,0.0014127803733572364
0,0.024580832570791245,0.05407149717211723,0.00799913052469492
0,0.013610895723104477,0.013776035979390144,0.0006532793631777167
0,0.012369973585009575,0.013005544431507587,0.00020516468794085085
0,0.011968367733061314,0.015195902436971664,9.502917964709923e-05
0,0.016560737043619156,0.020992783829569817,0.0021383969578891993
0,0.014883243478834629,0.016293561086058617,0.0012378277024254203
0,0.014328442513942719,0.01508264522999525,0.0009733116021379828
0,0.014149249531328678,0.01472525019198656,0.0008907486917451024
0,0.01265567634254694,0.0128305833786726,0.0002899998507928103
0,0.012810886837542057,0.012867692857980728,0.00033738958882167935
0,0.013310045935213566,0.013351590372622013,0.0005271309637464583
0,0.08173085004091263,0.43979355692863464,0.034965869039297104
0,0.26619499921798706,1.9573578834533691,0.09657978266477585
0,1.6826306581497192,15.09567642211914,0.3309456706047058
0,0.0121083315461874,0.013837366364896297,0.00013110126019455492
0,0.013999245129525661,0.014440775848925114,0.0008228881051763892
0,0.015300292521715164,0.01729082502424717,0.0014440705999732018
0,0.01823223941028118,0.026757515966892242,0.003188472706824541
0,0.029407601803541183,0.07929413765668869,0.01138666458427906
0,0.012342579662799835,0.013044821098446846,0.00019725049787666649
0,0.012168080545961857,0.013502945192158222,0.0001476514444220811
0,0.02179010584950447,0.041446343064308167,0.005808505695313215
0,0.01299167051911354,0.012994297780096531,0.0003963442868553102
0,0.016528183594346046,0.020886680111289024,0.0021195155568420887
0,0.012022524140775204,0.014498802833259106,0.00010855818254640326
0,0.03172491863369942,0.09304215013980865,0.012551022693514824
0,0.012229334563016891,0.013267372734844685,0.0001650523772696033
0,0.012108133174479008,0.01383861806243658,0.00013104737445246428
0,0.01258927769958973,0.012839286588132381,0.00026997001259587705
0,0.013201731257140636,0.013216277584433556,0.00048145317123271525
0,0.02203044667840004,0.04251960664987564,0.005994795355945826
0,0.012228786014020443,0.013268833979964256,0.000164894518093206
0,0.012085833586752415,0.013987247832119465,0.00012500268348958343
0,0.011844750493764877,0.01855842024087906,6.89912776579149e-05
0,0.012204049155116081,0.013354107737541199,0.00015782206901349127
0,0.012507559731602669,0.012874086387455463,0.0002455553913023323
0,0.038015659898519516,0.13215777277946472,0.015643468126654625
0,0.0118502052500844,0.018275808542966843,6.973340350668877e-05
0,0.012413558550179005,0.012952696532011032,0.00021785007265862077
0,0.015275766141712666,0.01723037287592888,0.0014317880850285292
0,0.0606883242726326,0.2851921617984772,0.026219910010695457
0,0.6289457082748413,5.188608169555664,0.1825258731842041
0,0.013773065991699696,0.014040007255971432,0.0007229680777527392
0,0.012446319684386253,0.01292012631893158,0.0002274553116876632
0,0.013427293859422207,0.013508915901184082,0.0005758586339652538
0,0.012011497281491756,0.014618083834648132,0.00010583118273643777
0,0.011833750642836094,0.01970464363694191,6.65267143631354e-05
0,0.012214931659400463,0.01331535167992115,0.00016092625446617603
0,0.012018205597996712,0.014544755220413208,0.00010748665226856247
0,0.011971724219620228,0.015144831500947475,9.585911175236106e-05
0,1.001186728477478,8.625025749206543,0.24635395407676697
0,0.02745119482278824,0.06824059784412384,0.01024917233735323
0,1.0887196063995361,9.445474624633789,0.2591407895088196
0,1.6688896417617798,14.963780403137207,0.32952335476875305
0,0.9318424463272095,7.97836446762085,0.23570331931114197
0,0.023266203701496124,0.04805374890565872,0.00695786951109767
0,1.8859436511993408,17.05327796936035,0.35097548365592957
0,0.04093342646956444,0.15098749101161957,0.01704971119761467
0,0.02206961065530777,0.04269517958164215,0.006025231909006834
0,0.011966045945882797,0.015231838449835777,9.44572821026668e-05
0,0.018111342564225197,0.02632097527384758,0.0031067978125065565
0,0.012131345458328724,0.013698341324925423,0.0001374200510326773
0,0.01183785405009985,0.019157053902745247,6.755447975592688e-05
0,0.012568007223308086,0.012845644727349281,0.00026358876493759453
0,0.01238821167498827,0.01298204530030489,0.0002104594314005226
0,0.011862175539135933,0.01774289831519127,7.165718852775171e-05
0,0.014310031197965145,0.015045090578496456,0.0009647566475905478
0,0.012170336209237576,0.01349191926419735,0.00014828478742856532
0,0.012011460028588772,0.014618485234677792,0.00010582218965282664
0,0.011904335580766201,0.01641596481204033,8.01625064923428e-05
0,0.011835772544145584,0.019412295892834663,6.703458348056301e-05
0,0.01736244186758995,0.023701339960098267,0.002620099810883403
0,0.012333575636148453,0.013058817014098167,0.00019466012599878013
0,0.012139515951275826,0.013652203604578972,0.00013968045823276043
0,0.02207363210618496,0.0427132248878479,0.006028360687196255
0,0.015539410524070263,0.017890973016619682,0.001564730890095234
0,0.012788030318915844,0.012857692316174507,0.00033036613604053855
0,0.012903792783617973,0.012922590598464012,0.00036608081427402794
0,0.021751105785369873,0.041272930800914764,0.005778355058282614
0,0.01624353975057602,0.019975464791059494,0.0019556381739676
0,0.03763832896947861,0.12975072860717773,0.01546042412519455
0,0.01653541624546051,0.020910222083330154,0.002123709302395582
0,0.015151815488934517,0.01692820154130459,0.0013699991395696998
0,0.01360897533595562,0.01377304270863533,0.00065246393205598
0,0.012284002266824245,0.013146349228918552,0.00018049949721898884
0,0.015415975823998451,0.017578763887286186,0.00150224007666111
0,0.012617072090506554,0.012833651155233383,0.00027833471540361643
0,0.016382282599806786,0.020415833219885826,0.002035240875557065
0,0.014202186837792397,0.01482891384512186,0.0009149766410700977
0,0.017297053709626198,0.023475321009755135,0.002578946528956294
0,0.017419971525669098,0.023901158943772316,0.002656401600688696
0,0.016235992312431335,0.01995171792805195,0.0019513226579874754
0,0.012690644711256027,0.012832311913371086,0.00030061090365052223
0,1.6439069509506226,14.724002838134766,0.3269112706184387
0,0.18390929698944092,1.2579545974731445,0.07118228822946548
0,0.012306245975196362,0.013104814104735851,0.00018683138478081673
0,0.01421702653169632,0.014858267270028591,0.0009217925253324211
0,0.01732795313000679,0.02358197793364525,0.0025983788073062897
0,0.026283646002411842,0.06224542111158371,0.009372947737574577
0,0.017390983179211617,0.023800363764166832,0.002638097619637847
0,0.012535643763840199,0.012858898378908634,0.00025391409872099757
0,0.03116058185696602,0.08965545892715454,0.012268881313502789
0,0.2844366431236267,2.114807367324829,0.10186860710382462
0,0.026821870356798172,0.06490924954414368,0.009811125695705414
0,0.011943278834223747,0.015612587332725525,8.896413055481389e-05
0,0.014701737090945244,0.01588154211640358,0.0011499387910589576
0,0.02747897431254387,0.06839390099048615,0.010266873054206371
0,0.014742678962647915,0.01597321778535843,0.0011696561705321074
0,0.02625715173780918,0.06211495399475098,0.009351381100714207
0,0.2128545641899109,1.5016748905181885,0.0804273933172226
0,0.11491380631923676,0.6957982182502747,0.047491904348134995
0,0.025042053312063217,0.05622006207704544,0.00836866907775402
0,0.011951489374041557,0.015468982048332691,9.092046093428507e-05
0,0.039090804755687714,0.13905274868011475,0.016163507476449013
0,0.03542706370353699,0.11578818410634995,0.014381800778210163
0,0.10701141506433487,0.634177565574646,0.04459594935178757
0,0.044038254767656326,0.17140093445777893,0.018529506400227547
0,0.013170003890991211,0.013179167173802853,0.0004683116858359426
0,0.03516548126935959,0.1141536757349968,0.014253507368266582
0,0.016322437673807144,0.020224981009960175,0.0020008389838039875
0,0.012044482864439487,0.014303160831332207,0.00011407501733629033
0,0.014167365618050098,0.01476053986698389,0.0008990236674435437
0,0.011981498450040817,0.015001711435616016,9.829719783738256e-05
0,0.023616604506969452,0.049641478806734085,0.0072335428558290005
0,0.014116141013801098,0.014661263674497604,0.0008756682509556413
0,0.02685200609266758,0.06506260484457016,0.009833529591560364
0,0.01692340523004532,0.022199489176273346,0.0023505378048866987
0,0.017353547737002373,0.023670531809329987,0.0026144939474761486
0,0.01237655058503151,0.012996827252209187,0.00020707212388515472
0,0.01230294443666935,0.013110737316310406,0.00018588933744467795
0,0.014352129772305489,0.015131228603422642,0.0009843396255746484
0,0.012479759752750397,0.012892705388367176,0.00023731640249025077
0,0.01277847308665514,0.012853946536779404,0.0003274334594607353
0,0.01621490903198719,0.019885512068867683,0.001939278212375939
0,0.03164832293987274,0.0925811231136322,0.012512781657278538
0,0.011830479837954044,0.02087506279349327,6.525452772621065e-05
0,0.011858153156936169,0.017910711467266083,7.097300112945959e-05
0,0.012440214864909649,0.012925755232572556,0.00022566088591702282
0,0.017766587436199188,0.025120485574007034,0.0028775115497410297
0,0.01396211702376604,0.014372581616044044,0.0008062808774411678
0,0.1826801598072052,1.2476712465286255,0.07078137993812561
0,0.01639268919825554,0.020449159666895866,0.002041231608018279
0,0.030321277678012848,0.08466344326734543,0.011847621761262417
0,0.03342967852950096,0.10340858995914459,0.01339820958673954
0,0.01659032702445984,0.021089565008878708,0.002155583817511797
0,0.014651761390268803,0.015770670026540756,0.0011259581660851836
0,0.01649736613035202,0.020786572247743607,0.0021016672253608704
0,0.015597241930663586,0.01804283633828163,0.0015941528836265206
0,0.012845478951931,0.012885532341897488,0.0003480461600702256
0,0.013389132916927338,0.0134567366912961,0.0005601191660389304
0,0.020787276327610016,0.037055499851703644,0.005041090305894613
0,0.012265535071492195,0.013183832168579102,0.00017527161980979145
0,0.031095314770936966,0.08926533162593842,0.012236198410391808
0,0.024762975051999092,0.05491780489683151,0.008144822902977467
0,0.015320652164518833,0.017341163009405136,0.0014542796416208148
0,0.034480687230825424,0.10989314317703247,0.01391692366451025
0,0.03938937187194824,0.14097678661346436,0.0163075253367424
0,0.021104900166392326,0.03843022882938385,0.005282328464090824
0,0.012944231741130352,0.012953134253621101,0.0003786350425798446
0,0.012856605462729931,0.012891941703855991,0.00035148070310242474
0,0.012534718960523605,0.012859341688454151,0.00025363831082358956
0,0.012845863588154316,0.012885749340057373,0.0003481649328023195
0,0.01352714654058218,0.013650932349264622,0.0006176323513500392
0,0.013000204227864742,0.013002132065594196,0.0003997120657004416
0,0.019039388746023178,0.029798107221722603,0.0037493756972253323
0,0.02459557354450226,0.054139889776706696,0.00801091082394123
0,0.013384737074375153,0.01345080230385065,0.000558314670342952
0,0.02360653690993786,0.04959570989012718,0.007225604262202978
1,0.018411563709378242,0.027410896494984627,0.0033104356843978167
1,0.013737095519900322,0.013979662209749222,0.0007073659799061716
1,0.05028563365340233,0.21362029016017914,0.02146514318883419
1,0.03832969814538956,0.13416621088981628,0.015795597806572914
1,0.018380939960479736,0.027298826724290848,0.0032895407639443874
1,0.034364040940999985,0.10917018353939056,0.013859482482075691
1,0.02547130174934864,0.058273881673812866,0.008714367635548115
1,0.029498698189854622,0.07982628792524338,0.011432741768658161
1,0.0184481218457222,0.02754494547843933,0.0033354186452925205
1,0.037741776555776596,0.13041000068187714,0.01551063358783722
1,0.04000738263130188,0.14497151970863342,0.016605114564299583
1,0.15413469076156616,1.0106098651885986,0.061263374984264374
1,0.022251319140195847,0.043512530624866486,0.006166741251945496
1,0.04454652965068817,0.17477582395076752,0.018770238384604454
1,0.023986035957932472,0.051328517496585846,0.0075257015414536
1,1.5280967950820923,13.614031791687012,0.31435754895210266
1,0.03893302381038666,0.13803762197494507,0.016087329015135765
1,0.037500135600566864,0.128870889544487,0.015393308363854885
1,0.03454684466123581,0.11030355840921402,0.013949484564363956
1,0.13504578173160553,0.8547625541687012,0.05466316267848015
1,0.031762219965457916,0.09326682239770889,0.012569641694426537
1,0.024405216798186302,0.053258296102285385,0.007858970202505589
1,0.030115647241473198,0.08344897627830505,0.011744101531803608
1,0.14767707884311676,0.9575012922286987,0.05905138701200485
1,0.0288714412599802,0.07617706805467606,0.011114955879747868
1,0.020030487328767776,0.03384532034397125,0.004473856184631586
1,0.013737150467932224,0.013979753479361534,0.0007073889719322324
1,0.018384549766778946,0.027312029153108597,0.003292001085355878
1,0.020980238914489746,0.03788882493972778,0.005187434609979391
1,0.016792597249150276,0.021759172901511192,0.0022736527025699615
1,1.4615819454193115,12.978433609008789,0.30681514739990234
1,0.01805582456290722,0.026124896481633186,0.0030694471206516027
1,0.129233717918396,0.8083056211471558,0.052619241178035736
1,0.021300435066223145,0.039284106343984604,0.005431702826172113
1,0.023251235485076904,0.04798618704080582,0.006946127396076918
1,0.02048299089074135,0.035753317177295685,0.00481169018894434
1,1.8553495407104492,16.758018493652344,0.34807655215263367
1,0.020987942814826965,0.0379222072660923,0.005193290766328573
1,0.04243810474872589,0.16083547472953796,0.017768889665603638
1,0.039635807275772095,0.1425677239894867,0.01642627641558647
1,0.04902219399809837,0.20498687028884888,0.02087572030723095
1,0.017749899998307228,0.025061791762709618,0.002866653725504875
0,0.031375471502542496,0.09094228595495224,0.012376421131193638
0,0.042464807629585266,0.16101111471652985,0.017781618982553482
0,0.03461356833577156,0.1107177734375,0.013982323929667473
0,0.09666536003351212,0.553911030292511,0.0407215841114521
0,0.013433422893285751,0.013517406769096851,0.0005783977103419602
0,0.018922356888651848,0.029333356767892838,0.003665386466309428
0,0.013843751512467861,0.014161392115056515,0.000753865868318826
0,0.012406100519001484,0.012960941530764103,0.00021567160729318857
0,0.01769212819635868,0.02485823631286621,0.002829296048730612
0,0.02223340794444084,0.043431784957647324,0.0061527760699391365
0,0.022142481058835983,0.043022461235523224,0.006081926636397839
0,0.04015881568193436,0.14595289528369904,0.016677917912602425
0,0.01563189923763275,0.018142351880669594,0.0016118281055241823
0,0.021732894703745842,0.04119201749563217,0.005764284636825323
0,0.1496652066707611,0.9738297462463379,0.059734854847192764
0,0.012456041760742664,0.012911569327116013,0.00023031617456581444
0,0.014704685658216476,0.015888120979070663,0.0011513567296788096
0,0.04386650770902634,0.17026260495185852,0.01844806782901287
0,0.016004275530576706,0.019233882427215576,0.001818787190131843
0,0.22933892905712128,1.6416748762130737,0.08553500473499298
0,1.627503752708435,14.566542625427246,0.32517561316490173
0,0.014405965805053711,0.01524276938289404,0.0010095002362504601
0,0.02733178436756134,0.06758260726928711,0.01017308421432972
0,0.015326657332479954,0.017356043681502342,0.001457292353734374
0,0.018376117572188377,0.027281196787953377,0.0032862520311027765
0,0.09317012131214142,0.5270036458969116,0.03939271718263626
0,0.013906826265156269,0.014272728003561497,0.0007816934958100319
0,0.013202712871134281,0.013217444531619549,0.00048186100320890546
0,0.013426285237073898,0.013507520779967308,0.0005754404119215906
0,0.018851937726140022,0.029055148363113403,0.003615017980337143
0,0.17102055251598358,1.1504195928573608,0.06694283336400986
0,0.16799136996269226,1.1252448558807373,0.06593473255634308
0,0.2962488830089569,2.2170751094818115,0.10524040460586548
0,0.016105812042951584,0.019545741379261017,0.0018767708679661155
0,0.09815745055675507,0.5654311180114746,0.041285693645477295
0,0.22944355010986328,1.642565369606018,0.08556707203388214
0,0.014390775933861732,0.015211145393550396,0.001002387492917478
0,0.01377339567989111,0.014040566980838776,0.0007231117342598736
0,0.04509838670492172,0.17844992876052856,0.01903115026652813
0,0.016579046845436096,0.021052632480859756,0.002149030100554228
0,0.012864628806710243,0.012896760366857052,0.0003539590979926288
0,0.028010303154587746,0.0713403970003128,0.010605336166918278
0,0.023806912824511528,0.05050891637802124,0.007383857853710651
0,0.053469814360141754,0.23527133464813232,0.02293870784342289
0,0.014219746924936771,0.014863662421703339,0.0009230431751348078
0,0.05485912784934044,0.24479170143604279,0.02357756905257702
0,0.04540245234966278,0.18047864735126495,0.01917470619082451
0,0.039465613663196564,0.14146864414215088,0.01634427346289158
0,1.1367192268371582,9.897085189819336,0.26586467027664185
0,0.03694772720336914,0.12536320090293884,0.015124655328691006
0,0.14182338118553162,0.9095476865768433,0.057026058435440063
1,0.0743759348988533,0.3845691382884979,0.032054804265499115
1,0.03605024516582489,0.11969728767871857,0.0146868247538805
1,0.04979841038584709,0.21029596030712128,0.021238042041659355
1,0.04608619958162308,0.185065358877182,0.019497284665703773
1,0.03489663451910019,0.11247777193784714,0.014121492393314838
1,0.04224128648638725,0.15954235196113586,0.017675038427114487
1,0.2576044201850891,1.8834733963012695,0.09404952079057693
1,0.016142331063747406,0.01965893805027008,0.001897704671137035
1,0.026247665286064148,0.06206829100847244,0.009343662299215794
1,0.052046094089746475,0.22556062042713165,0.022281477227807045
1,0.038132477551698685,0.1329043209552765,0.0157000795006752
1,0.040043942630290985,0.1452084183692932,0.016622692346572876
1,0.03181172534823418,0.0935651957988739,0.012594345025718212
1,0.028578178957104683,0.0744832307100296,0.010965949855744839
1,0.07586140185594559,0.3956596255302429,0.032646916806697845
1,0.03244536742568016,0.09739901125431061,0.012909962795674801
1,0.640138566493988,5.290506839752197,0.18472488224506378
1,1.2525559663772583,10.991086959838867,0.28132468461990356
1,0.030926400795578957,0.08825712651014328,0.012151545844972134
1,0.03829048573970795,0.13391521573066711,0.0157766155898571
1,0.02814805880188942,0.07210874557495117,0.010693063028156757
1,0.023256605491042137,0.04801042377948761,0.00695033511146903
1,0.04187755659222603,0.15715652704238892,0.017501426860690117
1,0.02969239465892315,0.08096016943454742,0.01153062004595995
1,0.028909774497151375,0.0763990581035614,0.011134414002299309
1,0.03343835473060608,0.10346177220344543,0.013402504846453667
1,0.03746427223086357,0.1286427080631256,0.015375889837741852
1,0.024445582181215286,0.05344495177268982,0.007891162298619747
1,0.049372754991054535,0.20738258957862854,0.021039457991719246
1,0.04423096030950546,0.17267939448356628,0.018620822578668594
1,0.022405320778489113,0.04420756921172142,0.006286966148763895
1,0.01903974637389183,0.029799528419971466,0.0037496332079172134
1,0.5244472026824951,4.2411208152771,0.16092202067375183
1,0.3947846293449402,3.0815744400024414,0.1310891956090927
1,0.0965651348233223,0.5531378388404846,0.04068361967802048
1,0.028757143765687943,0.07551594078540802,0.011056916788220406
1,0.02760899066925049,0.0691123902797699,0.010349713265895844
1,0.03293323144316673,0.10036960244178772,0.01315226498991251
1,0.030864493921399117,0.08788809180259705,0.012120500206947327
1,0.019227171316742897,0.03054993599653244,0.0038848710246384144
1,0.02641362138092518,0.06288612633943558,0.009478815831243992
1,0.035434238612651825,0.11583308130502701,0.014385318383574486
1,0.02673438936471939,0.06447327136993408,0.009740653447806835
1,0.03013675846159458,0.08357347548007965,0.01175472978502512
0,0.025740988552570343,0.05958595126867294,0.008932395838201046
0,0.018035614863038063,0.026054879650473595,0.003055871929973364
0,0.01267959363758564,0.012831317260861397,0.0002972533111460507
0,0.027282582595944405,0.06731192022562027,0.010141728445887566
0,0.01952112466096878,0.03174135833978653,0.004098693374544382
0,0.012405632063746452,0.01296146959066391,0.0002155348629457876
0,0.17618495225906372,1.193427324295044,0.06865111738443375
0,0.028854653239250183,0.07607986032962799,0.011106433346867561
0,0.012299804016947746,0.013116451911628246,0.00018499382713343948
0,0.012635927647352219,0.01283147744834423,0.0002840260567609221
0,0.013828185386955738,0.014134349301457405,0.0007470343261957169
0,0.029486384242773056,0.0797543153166771,0.011426514014601707
0,0.012673444114625454,0.012830941937863827,0.00029538662056438625
0,0.013003942556679249,0.013005598448216915,0.000401190307457
0,0.012330766767263412,0.013063299469649792,0.0001938530767802149
0,0.017090726643800735,0.022769954055547714,0.0024498668499290943
0,0.02511514537036419,0.05656219273805618,0.008427414111793041
0,0.01846144162118435,0.02759385295212269,0.0033445286098867655
0,0.011967800557613373,0.015204650349915028,9.488918294664472e-05
0,0.01658487506210804,0.02107170596718788,0.002152414293959737
0,0.03177919611334801,0.09336911141872406,0.012578113004565239
0,0.2651883363723755,1.9486912488937378,0.09628461301326752
0,0.02924746461212635,0.0783604308962822,0.011305607855319977
0,0.40035441517829895,3.130939245223999,0.13245008885860443
0,0.07741153985261917,0.40726494789123535,0.0332622267305851
0,0.019564751535654068,0.03191964328289032,0.004130601417273283
0,0.015968365594744682,0.019124625250697136,0.0017983602592721581
0,0.055130403488874435,0.24665457010269165,0.023701893165707588
0,0.022998793050646782,0.04685047268867493,0.006748470012098551
0,0.07199393957853317,0.3668505549430847,0.031100168824195862
0,0.04054919630289078,0.1484871357679367,0.016865426674485207
0,0.05130501464009285,0.22052504122257233,0.02193833701312542
0,0.017509933561086655,0.02421538159251213,0.0027133405674248934
0,0.012735283002257347,0.01284034550189972,0.00031421417952515185
0,0.09985466301441193,0.5785590410232544,0.041925109922885895
0,1.2675327062606812,11.1329345703125,0.2832493484020233
0,0.6450985074043274,5.335697650909424,0.1856900006532669
0,0.017829544842243195,0.025342516601085663,0.002918556332588196
0,0.033573493361473083,0.10429181158542633,0.013469341211020947
0,0.014940210618078709,0.016425766050815582,0.0012656572507694364
0,0.058419954031705856,0.269355446100235,0.025198260322213173
0,0.02348524145781994,0.04904480278491974,0.007130030542612076
0,0.06638073921203613,0.32558122277259827,0.028763743117451668
1,0.2312478870153427,1.6579374074935913,0.08611953258514404
0,0.05621471256017685,0.2541089355945587,0.024196747690439224
0,0.036168523132801056,0.12044156342744827,0.014744622632861137
0,0.02575511857867241,0.059654854238033295,0.008943833410739899
0,0.019298197701573372,0.03083621710538864,0.0039363461546599865
1,0.01183047704398632,0.020540624856948853,6.552519334945828e-05
1,0.04384266212582588,0.17010456323623657,0.01843675971031189
1,0.024004705250263214,0.05141410976648331,0.007540501654148102
1,0.014096380211412907,0.014623391442000866,0.0008666948415338993
1,0.05413823947310448,0.23984642326831818,0.02324637770652771
1,0.04703453928232193,0.19147136807441711,0.01994393952190876
1,0.0209529846906662,0.037770792841911316,0.005166726652532816
1,0.02035459689795971,0.035208385437726974,0.004715419374406338
1,0.02892470732331276,0.07648557424545288,0.01114199310541153
1,0.017588192597031593,0.024490483105182648,0.002763044787570834
1,0.014623237773776054,0.01570791006088257,0.0011123158037662506
1,0.014798753894865513,0.016099991276860237,0.0011967653408646584
1,0.026472052559256554,0.06317459046840668,0.009526455774903297
1,0.014628655277192593,0.01571979746222496,0.001114904647693038
1,0.023432044312357903,0.048803672194480896,0.007088164333254099
1,0.06455877423286438,0.3124281167984009,0.02794983610510826
1,0.26627975702285767,1.958087682723999,0.0966046079993248
1,0.022364867851138115,0.04402541369199753,0.006255410611629486
1,0.06599663943052292,0.3227994441986084,0.028592374175786972
1,0.11021290719509125,0.6591869592666626,0.045777928084135056
1,0.0864860936999321,0.4758775234222412,0.036821167916059494
1,0.20191450417041779,1.409224510192871,0.07697604596614838
1,0.021871292963624,0.041808027774095535,0.005871336441487074
1,0.013027578592300415,0.013027997687458992,0.00041058051283471286
1,0.02180553786456585,0.04151501879096031,0.0058204359374940395
1,0.023803474381566048,0.050493206828832626,0.007381136063486338
1,0.01631477102637291,0.02020062878727913,0.0019964382518082857
1,0.45327016711235046,3.6020452976226807,0.14500679075717926
1,0.02367004007101059,0.049884676933288574,0.007275709416717291
1,0.012823682278394699,0.012873918749392033,0.00034132800647057593
1,0.023181622847914696,0.047672346234321594,0.006891542114317417
1,0.9196910858154297,7.865315914154053,0.233785942196846
1,0.018472695723176003,0.02763521298766136,0.00335222901776433
1,0.018165813758969307,0.026517271995544434,0.003143542679026723
1,0.015372312627732754,0.01746954396367073,0.0014802387449890375
1,0.014243265613913536,0.014910481870174408,0.0009338720701634884
1,0.02324770577251911,0.047970280051231384,0.006943357177078724
1,0.23301060497760773,1.6729644536972046,0.08665802329778671
1,0.6616421341896057,5.486568927764893,0.1888810098171234
1,0.022616613656282425,0.045144081115722656,0.0064507476054131985
1,0.028006678447127342,0.07132021337747574,0.01060302834957838
1,0.02249212935566902,0.044591739773750305,0.006354180630296469
1,0.020520543679594994,0.035913195461034775,0.004839906003326178
1,0.013248303905129433,0.013272863812744617,0.000500942231155932
1,0.014308275654911995,0.01504152175039053,0.0009639427298679948
1,0.015458216890692711,0.01768503710627556,0.0015235759783536196
1,0.6130720376968384,5.044208526611328,0.17937029898166656
1,1.5112416744232178,13.452835083007812,0.3124701976776123
1,0.03930216655135155,0.14041440188884735,0.01626547984778881
1,0.05176280438899994,0.22363413870334625,0.02215038612484932
1,1.043028473854065,9.016586303710938,0.25255337357521057
1,1.6536858081817627,14.81789493560791,0.32793909311294556
1,0.11547993123531342,0.7002169489860535,0.04769723489880562
1,0.2659180164337158,1.9549729824066162,0.09649859368801117
1,0.035363562405109406,0.11539105325937271,0.01435067318379879
1,1.0733747482299805,9.301328659057617,0.2569493353366852
1,0.021939381957054138,0.04211203753948212,0.005924108438193798
1,0.026626158505678177,0.06393679231405258,0.009652221575379372
1,0.015169247053563595,0.016970353201031685,0.0013786597410216928
1,0.01931064762175083,0.030886489897966385,0.003945379983633757
1,0.020490050315856934,0.035783350467681885,0.004816992674022913
1,0.0322432816028595,0.09617326408624649,0.012809420004487038
1,0.013990439474582672,0.014424518682062626,0.000818942382466048
1,0.0634777620434761,0.3047952950000763,0.027468319982290268
1,0.04982361942529678,0.210468590259552,0.021249787881970406
1,0.043940190225839615,0.17075082659721375,0.018483012914657593
1,0.014699853956699371,0.015877345576882362,0.0011490328470245004
1,0.037656020373106,0.1298634260892868,0.01546900812536478
1,0.021029315888881683,0.0381016805768013,0.00522476015612483
1,0.04156690463423729,0.15512283146381378,0.017352964729070663
1,0.02123439311981201,0.038995079696178436,0.005381180439144373
1,0.026033062487840652,0.061014194041490555,0.00916921254247427
1,0.020090069621801376,0.034094519913196564,0.0045181033201515675
1,0.014266213402152061,0.014956466853618622,0.0009444640018045902
1,0.0485883429646492,0.20202693343162537,0.020672829821705818
1,0.015155269764363766,0.016936544328927994,0.001371715567074716
1,0.05573611333966255,0.2508157193660736,0.02397850714623928
1,0.5955245494842529,4.884613990783691,0.17582830786705017
1,0.019995396956801414,0.03369883447885513,0.004447831306606531
1,0.017887135967612267,0.02554299123585224,0.002956555923447013
1,0.017103340476751328,0.022812731564044952,0.002457724418491125
1,0.016586003825068474,0.021075399592518806,0.0021530718076974154
1,0.02438548021018505,0.05316706374287605,0.007843239232897758
1,0.030877791345119476,0.08796732127666473,0.012127174064517021
1,0.01626746356487274,0.020050866529345512,0.001969326054677367
1,0.015351556241512299,0.01741785556077957,0.001469800597988069
1,0.012501331977546215,0.012877942062914371,0.00024370639584958553
1,0.01276616845279932,0.01284951064735651,0.000323661690345034
1,0.014456996694207191,0.015349897556006908,0.0010334673570469022
1,0.012560496106743813,0.012848330661654472,0.00026133915525861084
1,0.019122976809740067,0.030131857842206955,0.0038095801137387753
1,0.015199166722595692,0.0170429740101099,0.0013935475144535303
1,0.022872230038046837,0.04628363624215126,0.006649668328464031
1,0.020724361762404442,0.036785051226615906,0.004993519280105829
1,0.03372779116034508,0.10524097084999084,0.013545608147978783
1,0.9154230356216431,7.8256306648254395,0.2331087738275528
1,0.0478704608976841,0.19714123010635376,0.020336518064141273
1,0.0676104724407196,0.3345036506652832,0.02931131236255169
1,0.0873522162437439,0.4824768304824829,0.03715671971440315
1,0.1252163052558899,0.7765294313430786,0.05119433254003525
1,1.1071916818618774,9.619147300720215,0.26175162196159363
1,0.02771330624818802,0.06968995928764343,0.01041616965085268
1,0.023526828736066818,0.049233533442020416,0.0071627795696258545
1,0.02907310426235199,0.07734645903110504,0.011217260733246803
1,0.01653025858104229,0.020893430337309837,0.002120719291269779
1,0.09535752981901169,0.5438297986984253,0.040225591510534286
1,0.050726067274808884,0.21660032868385315,0.02166975848376751
1,0.1058088168501854,0.6248028874397278,0.04414995387196541
1,0.07607145607471466,0.39723020792007446,0.032730452716350555
1,0.018763307482004166,0.028712058439850807,0.003552371868863702
1,0.039577919989824295,0.1421937644481659,0.016398390755057335
1,0.09074099361896515,0.5083714127540588,0.03846286982297897
1,0.04429804906249046,0.17312484979629517,0.01865260675549507
1,0.01623426005244255,0.019946273416280746,0.0019503332441672683
1,0.027598626911640167,0.06905503571033478,0.010343107394874096
1,0.07277417182922363,0.3726452589035034,0.03141358122229576
1,0.02433803863823414,0.052947916090488434,0.007805438246577978
1,0.4284364879131317,3.380491256713867,0.13919587433338165
1,0.2480124831199646,1.8011870384216309,0.09119322150945663
1,0.02488723024725914,0.05549679696559906,0.008244396187365055
1,0.03262351453304291,0.09848189353942871,0.012998509220778942
1,0.04990290105342865,0.2110118865966797,0.02128678187727928
1,0.016495823860168457,0.020781587809324265,0.002100775483995676
1,0.012315680272877216,0.013088327832520008,0.0001895275345304981
1,0.015561175532639027,0.017946548759937286,0.0015757937217131257
1,0.01477397233247757,0.01604379713535309,0.0011847700225189328
1,0.014952371828258038,0.016454169526696205,0.001271613989956677
1,0.22842153906822205,1.6338621377944946,0.08525358885526657
1,1.3792598247528076,12.19385051727295,0.29711583256721497
1,0.0186022762209177,0.028113238513469696,0.0034411773085594177
1,0.05658341944217682,0.25664934515953064,0.02436470426619053
1,0.08292709290981293,0.44884681701660156,0.03543471544981003
1,0.04646282270550728,0.18760602176189423,0.019674835726618767
1,0.029973527416586876,0.08261159062385559,0.01167247723788023
0,0.013361048884689808,0.013419105671346188,0.0005486194859258831
0,0.057638559490442276,0.26393410563468933,0.024844426661729813
0,0.021207677200436592,0.03887835144996643,0.005360763054341078
0,0.1949160397052765,1.3502907752990723,0.07474124431610107
0,0.017192397266626358,0.02311602793633938,0.0025133234448730946
0,0.011858205311000347,0.017908506095409393,7.098154310369864e-05
0,0.01378455851227045,0.014059494249522686,0.0007279704441316426
0,0.0121922567486763,0.013398120179772377,0.0001544723054394126
0,0.01468735747039318,0.01584952510893345,0.001143028144724667
0,0.013707957230508327,0.013931503519415855,0.0006947891670279205
0,0.043369777500629425,0.1669759750366211,0.01821226440370083
0,0.012512527406215668,0.012871140614151955,0.0002470315375830978
0,0.013334095478057861,0.013383357785642147,0.0005374355823732913
0,0.0748315155506134,0.38796713948249817,0.03223666921257973
1,0.01188986748456955,0.016796613112092018,7.707422628300264e-05
1,0.025470519438385963,0.05827007442712784,0.0087137371301651
1,0.6209244132041931,5.115647315979004,0.18093718588352203
1,1.1791423559188843,10.297082901000977,0.27164819836616516
1,1.5924159288406372,14.229989051818848,0.32141682505607605
1,0.4859039783477783,3.894339084625244,0.15243485569953918
1,0.2852992117404938,2.1222710609436035,0.1021159365773201
1,0.01982935518026352,0.03300876542925835,0.0043250382877886295
1,0.17261984944343567,1.1637263298034668,0.06747324764728546
1,1.0156712532043457,8.760417938232422,0.2485184669494629
1,0.01725868508219719,0.023343250155448914,0.002554853679612279
1,0.02360043115913868,0.04956791177392006,0.007220785599201918
1,0.026834523305296898,0.0649736151099205,0.009820532985031605
1,0.03361105918884277,0.10452277958393097,0.013487917371094227
1,0.024077745154500008,0.05174930393695831,0.007598454598337412
1,0.022510113194584846,0.04467138648033142,0.006368117872625589
1,0.023146385326981544,0.0475136898458004,0.006863933987915516
1,0.019400106742978096,0.03124876692891121,0.004010416567325592
1,0.01974024437367916,0.0326404944062233,0.004259382374584675
1,0.01770584098994732,0.024906974285840988,0.0028380583971738815
1,1.3984174728393555,12.37622356414795,0.2994105815887451
1,0.015828320756554604,0.018703851848840714,0.00171910529024899
1,0.02897763065993786,0.07679236680269241,0.011168844066560268
1,0.020256631076335907,0.034794460982084274,0.004642181564122438
1,0.03583497554063797,0.1183445155620575,0.01458155270665884
1,0.023858826607465744,0.050746120512485504,0.0074249268509447575
1,0.02350231260061264,0.04912223666906357,0.00714346906170249
1,0.024059537798166275,0.051665715873241425,0.007584006059914827
1,0.01893581822514534,0.029386654496192932,0.0036750261206179857
1,0.2566321790218353,1.875122308731079,0.09376150369644165
1,1.2300785779953003,10.778364181518555,0.27840524911880493
1,1.5778753757476807,14.090624809265137,0.3198404312133789
1,0.03163843974471092,0.09252171963453293,0.012507847510278225
1,0.019775915890932083,0.0327877514064312,0.004285647068172693
1,0.01936490833759308,0.031106039881706238,0.003984806127846241
1,0.019035788252949715,0.029783759266138077,0.0037467852234840393
1,0.4652244448661804,3.7089693546295166,0.14775454998016357
1,1.2023327350616455,10.516064643859863,0.2747493088245392
1,0.017810838297009468,0.02527644857764244,0.0029063490219414234
1,0.02285647764801979,0.046213217079639435,0.006637383718043566
1,0.020829426124691963,0.037237029522657394,0.0050729988142848015
1,0.02182406559586525,0.04159752279520035,0.005834770854562521
0,0.01261226274073124,0.012834415771067142,0.0002768851991277188
0,0.015917157754302025,0.01896977797150612,0.001769302529282868
0,0.01593479886651039,0.01902298629283905,0.0017793031875044107
0,0.014338808134198189,0.015103869140148163,0.0009781343396753073
0,0.016785884276032448,0.021736741065979004,0.0022697187960147858
0,0.012456527911126614,0.012911149300634861,0.00023045975831337273
0,0.03551718220114708,0.11635221540927887,0.014425961300730705
0,0.015340786427259445,0.017391089349985123,0.001464387052692473
0,0.01331068854779005,0.013352431356906891,0.0005274055292829871
0,0.015245693735778332,0.017156552523374557,0.0014167538611218333
0,0.01936732605099678,0.031115835532546043,0.003986565861850977
0,0.7963229417800903,6.722543239593506,0.21337799727916718
0,0.1135256364941597,0.6849721074104309,0.04698743671178818
0,0.01354440487921238,0.013676255941390991,0.0006249375874176621
0,0.014684265479445457,0.015842651948332787,0.0011415435001254082
0,0.011924540624022484,0.01597120612859726,8.461955439997837e-05
0,0.014458046294748783,0.015352114103734493,0.0010339614236727357
0,1.9124467372894287,17.30924415588379,0.3534558415412903
0,1.1732536554336548,10.241515159606934,0.2708541750907898
0,0.5731942653656006,4.681922912597656,0.17124402523040771
0,0.7482394576072693,6.279775619506836,0.20491965115070343
0,1.0926843881607056,9.48273754119873,0.259703665971756
0,0.011892487294971943,0.016721293330192566,7.763422036077827e-05
0,0.05074438825249672,0.21672439575195312,0.021678267046809196
0,0.013186749070882797,0.013198605738580227,0.0004752331878989935
0,0.03141380846500397,0.0911722332239151,0.012395591475069523
0,0.01527169905602932,0.01722037047147751,0.0014297530287876725
0,0.012806347571313381,0.01286559272557497,0.0003359930997248739
0,0.011983772739768028,0.014969544485211372,9.886913903756067e-05
0,0.012511393055319786,0.012871803715825081,0.00024669463164173067
0,0.011988222599029541,0.014907827600836754,9.999197936849669e-05
0,0.011860156431794167,0.01782587170600891,7.130955054890364e-05
0,0.013202184811234474,0.013216816820204258,0.0004816416767425835
0,0.014098325744271278,0.014627108350396156,0.000867577618919313
0,0.018614085391163826,0.028156965970993042,0.00344930705614388
0,0.014385584741830826,0.015200363472104073,0.0009999594185501337
0,0.012272682040929794,0.013168997131288052,0.00017729146929923445
0,0.013401903212070465,0.013474063947796822,0.0005653714179061353
0,0.012896927073597908,0.012917790561914444,0.00036395227652974427
0,0.01224066037684679,0.013238882645964622,0.00016827530635055155
0,0.014100178144872189,0.014630650170147419,0.0008684181375429034
0,0.01984032429754734,0.03305419534444809,0.0043331352062523365
0,0.012776477262377739,0.012853196822106838,0.0003268213476985693
0,0.012716499157249928,0.012836194597184658,0.00030848218011669815
0,0.05490606278181076,0.24511411786079407,0.02359912171959877
0,0.013048511929810047,0.013048519380390644,0.0004189580795355141
0,0.012271206825971603,0.01317202765494585,0.0001768740185070783
0,0.013074769638478756,0.0130751458927989,0.00042954558739438653
0,0.038954757153987885,0.13817736506462097,0.016097819432616234
0,0.013837123289704323,0.014149855822324753,0.0007509561837650836
0,2.179215431213379,19.894737243652344,0.37695103883743286
0,2.0293211936950684,18.44000816345215,0.3640666902065277
0,0.5903264880180359,4.837388515472412,0.17476893961429596
0,0.018095817416906357,0.026265161111950874,0.0030963437166064978
0,0.028437819331884384,0.07370764017105103,0.010877549648284912
0,0.018845554441213608,0.029029978439211845,0.0036104582250118256
1,0.08968333899974823,0.5002769827842712,0.038056351244449615
1,0.03672564774751663,0.12395724654197693,0.015016473829746246
1,0.030564315617084503,0.08610329031944275,0.011969815008342266
1,0.017683934420347214,0.02482915297150612,0.0028240629471838474
1,0.01678791269659996,0.021743522956967354,0.0022709076292812824
1,0.38165977597236633,2.965428113937378,0.12785114347934723
1,0.013535896316170692,0.013663743622601032,0.000621332845184952
1,1.3509013652801514,11.924128532409668,0.2936756908893585
1,0.016384048387408257,0.020421486347913742,0.002036256017163396
1,0.016562169417738914,0.020997466519474983,0.0021392295602709055
1,0.03194382041692734,0.09436212480068207,0.012660226784646511
1,0.01834123767912388,0.027153830975294113,0.003262491198256612
1,0.034753426909446716,0.11158677935600281,0.014051106758415699
1,0.05605904757976532,0.25303736329078674,0.024125797674059868
1,0.015927445143461227,0.019000794738531113,0.0017751345876604319
1,0.014266295358538628,0.014956630766391754,0.0009445025352761149
1,0.014981191605329514,0.016521692276000977,0.001285748672671616
1,0.016269678249955177,0.020057858899235725,0.0019705926533788443
1,0.016471728682518005,0.020703569054603577,0.0020868396386504173
1,0.01929493248462677,0.03082302212715149,0.003933977335691452
1,0.020290710031986237,0.034938279539346695,0.004667636007070541
1,0.014758340083062649,0.016008485108613968,0.0011772155994549394
1,0.02130095288157463,0.03928636759519577,0.005432101897895336
1,0.01831984706223011,0.027075842022895813,0.003247936023399234
1,0.02609558030962944,0.06132086366415024,0.009219995699822903
1,0.023926420137286186,0.0510554164648056,0.007478454615920782
1,0.01631205342710018,0.02019200660288334,0.001994879450649023
1,0.017294883728027344,0.023467838764190674,0.0025775819085538387
1,0.018606819212436676,0.02813005819916725,0.0034443046897649765
1,0.3715690076351166,2.876307487487793,0.125331312417984
1,0.013391328975558281,0.01345970667898655,0.0005610216758213937
1,0.05107635632157326,0.21897391974925995,0.021832317113876343
0,0.017680007964372635,0.02481522038578987,0.0028215572237968445
0,0.014097063802182674,0.014624698087573051,0.0008670054958201945
0,0.01206693984568119,0.014125037007033825,0.00011994603846687824
1,0.017397912219166756,0.023824431002140045,0.002642470644786954
1,0.018182197585701942,0.026576433330774307,0.003154611913487315
1,0.02665540762245655,0.06408169865608215,0.009676112793385983
1,0.0395331010222435,0.14190441370010376,0.01637679897248745
1,0.016819840297102928,0.02185042016208172,0.0022896325681358576
1,0.026660211384296417,0.06410549581050873,0.009680037386715412
1,0.017857510596513748,0.025441382080316544,0.00293682306073606
1,0.017877953127026558,0.02551148645579815,0.0029504362028092146
1,0.015272808261215687,0.01722310110926628,0.001430307631380856
1,0.020497724413871765,0.035815998911857605,0.004822756629437208
1,0.019895236939191818,0.03328196331858635,0.00437368918210268
1,0.02193271741271019,0.042082250118255615,0.0059189400635659695
1,0.04588776454329491,0.18372851610183716,0.019403651356697083
1,0.017231283709406853,0.023249173536896706,0.0025376707781106234
1,0.10932363569736481,0.6522324085235596,0.04545038565993309
1,0.017748091369867325,0.02505544200539589,0.002865478163585067
1,0.02005881629884243,0.033963706344366074,0.004494883585721254
1,0.014813286252319813,0.016133064404129982,0.001203809049911797
1,0.01817563734948635,0.026552729308605194,0.0031501776538789272
1,0.02176499366760254,0.04133467748761177,0.0057890876196324825
1,0.1121327131986618,0.674122154712677,0.046479884535074234
1,0.040697041898965836,0.14944854378700256,0.016936372965574265
1,0.018696147948503494,0.028461681678891182,0.003505910048261285
1,0.013694587163627148,0.013909624889492989,0.0006890376680530608
1,0.06669368594884872,0.32784944772720337,0.02890324406325817
1,0.27087903022766113,1.9977166652679443,0.0979485958814621
1,0.01730767823755741,0.023511970415711403,0.0025856259744614363
1,0.0438837930560112,0.17037713527679443,0.018456267192959785
1,0.026627684012055397,0.06394438445568085,0.009653465822339058
1,0.031820811331272125,0.09361997246742249,0.012598874978721142
1,0.01800883375108242,0.02596222423017025,0.0030379060190171003
1,0.018293187022209167,0.02697879448533058,0.003229816909879446
0,0.028507167473435402,0.07408975809812546,0.010921694338321686
0,0.11785811930894852,0.7188022136688232,0.04855737090110779
0,0.06123921647667885,0.2890526056289673,0.02646714821457863
1,0.02541498839855194,0.05800075829029083,0.008668923750519753
1,0.06324344128370285,0.30314329266548157,0.027363773435354233
1,0.026863757520914078,0.06512241810560226,0.009842269122600555
1,0.015274635516107082,0.017227590084075928,0.0014312227722257376
1,0.0216971468180418,0.0410333126783371,0.005736683029681444
1,0.01668846420943737,0.021412694826722145,0.002212740248069167
1,0.015511754900217056,0.017820587381720543,0.0015506932977586985
1,0.30249568819999695,2.2712514400482178,0.10700632631778717
1,0.3698933720588684,2.861522912979126,0.12491025775671005
1,0.02171536162495613,0.04111415892839432,0.005750745534896851
1,0.017580365762114525,0.02446289174258709,0.0027580675669014454
1,0.017435843124985695,0.023956432938575745,0.002666430315002799
1,0.017710143700242043,0.024922216311097145,0.0028408151119947433
1,0.01707502081990242,0.022716665640473366,0.0024401487316936255
1,0.01371083501726389,0.013936229981482029,0.0006960296886973083
1,0.016560863703489304,0.020993204787373543,0.002138470998033881
1,0.013544377870857716,0.013676214031875134,0.0006249253056012094
1,0.016186567023396492,0.01979677751660347,0.0019231083570048213
1,0.015224284492433071,0.017104187980294228,0.0014060664689168334
1,0.01584791950881481,0.018762215971946716,0.00173015589825809
1,0.0186091810464859,0.028138818219304085,0.0034459305461496115
1,0.014524204656481743,0.015493002720177174,0.0010652054334059358
1,0.013384541496634483,0.013450538739562035,0.0005582337034866214
1,0.017569681629538536,0.024425264447927475,0.0027512740343809128
1,0.022910935804247856,0.04645680636167526,0.006679861340671778
1,0.024316610768437386,0.05284903198480606,0.007788372691720724
1,0.02190488390624523,0.041957929730415344,0.005897360388189554
1,0.017947888001799583,0.025751899927854538,0.0029971052426844835
1,0.017437966540455818,0.023963846266269684,0.002667773747816682
1,0.034337542951107025,0.10900607705116272,0.013846428133547306
0,0.024826062843203545,0.055211618542671204,0.008195361122488976
0,0.654242217540741,5.419055938720703,0.18745896220207214
0,0.033443644642829895,0.1034943163394928,0.013405120931565762
0,0.020765163004398346,0.03696036338806152,0.005024360958486795
0,0.02652684599161148,0.06344538927078247,0.009571148082613945
0,0.03443343937397003,0.10960023105144501,0.013893661089241505
0,0.03785911947488785,0.13115835189819336,0.015567558817565441
0,0.013746301643550396,0.013995012268424034,0.000711350585334003
0,0.03639164939522743,0.12184768915176392,0.014853577129542828
0,0.13713067770004272,0.871474027633667,0.0553913377225399
0,0.049864161759614944,0.2107464224100113,0.0212686937302351
0,0.023254234343767166,0.04799972474575043,0.006948474794626236
0,0.016831493005156517,0.021889520809054375,0.0022964715026319027
0,0.017680492252111435,0.024816932156682014,0.002821866422891617
0,0.014476987533271313,0.015392227098345757,0.001042887568473816
0,0.011869508773088455,0.01746044121682644,7.298407581401989e-05
0,0.012138769961893559,0.013656350784003735,0.00013947373372502625
0,0.013852562755346298,0.014176776632666588,0.0007577383075840771
0,0.015702633187174797,0.01834358647465706,0.0016495080199092627
0,0.5447110533714294,4.424072742462158,0.16526678204536438
0,0.012525596655905247,0.012863925658166409,0.0002509198966436088
0,0.01640702225267887,0.020495116710662842,0.0020494896452873945
0,0.038183048367500305,0.13322776556015015,0.015724580734968185
0,0.01332657691091299,0.013373360969126225,0.0005342078511603177
0,0.1389005482196808,0.8856796026229858,0.05600743368268013
0,0.01379514392465353,0.01407752837985754,0.0007325847982428968
0,0.016792310401797295,0.021758222952485085,0.002273484831675887
0,0.16462868452072144,1.0973454713821411,0.06481022387742996
0,0.6271913647651672,5.1726460456848145,0.1821793019771576
0,1.2490631341934204,10.958015441894531,0.28087344765663147
0,0.012076850980520248,0.014051321893930435,0.00012259077630005777
0,0.0145681481808424,0.015587781555950642,0.0010860597249120474
0,0.015879718586802483,0.018857289105653763,0.0017481165705248713
0,0.021666543558239937,0.04089760780334473,0.005713067948818207
0,0.014062036760151386,0.014558142982423306,0.0008511487394571304
0,0.022109754383563995,0.04287540912628174,0.006056457757949829
0,0.6867641806602478,5.716090679168701,0.1936463564634323
0,1.8073463439941406,16.295215606689453,0.3434486389160156
0,1.6532937288284302,14.81413459777832,0.3278980851173401
0,0.02171468362212181,0.04111115634441376,0.005750222597271204
0,0.01339070312678814,0.01345885917544365,0.0005607638158835471
0,0.012672653421759605,0.012830903753638268,0.0002951465721707791
0,0.01414631400257349,0.014719551429152489,0.0008894092752598226
0,0.014949302189052105,0.01644698716700077,0.0012701089726760983
0,0.011909167282283306,0.016303276643157005,8.120357233565301e-05
0,1.9178047180175781,17.361013412475586,0.35395383834838867
0,1.8587626218795776,16.790945053100586,0.34840187430381775
0,1.9157254695892334,17.340923309326172,0.353760689496994
0,1.7720985412597656,15.955774307250977,0.33998677134513855
0,1.79106867313385,16.138418197631836,0.34185677766799927
0,1.3211567401885986,11.64154052734375,0.2900104224681854
0,0.01654141955077648,0.020929783582687378,0.002127191051840782
0,0.06740604341030121,0.33301877975463867,0.029220404103398323
0,0.011919437907636166,0.01607723906636238,8.346953836735338e-05
0,0.2182454764842987,1.5473705530166626,0.08210980147123337
0,0.01325254887342453,0.013278142549097538,0.0005027301958762109
0,0.04959007352590561,0.2088693380355835,0.02114087902009487
0,0.01352976355701685,0.013654758222401142,0.0006187386461533606
0,0.013780123554170132,0.014051963575184345,0.00072603824082762
0,0.012725521810352802,0.012838052585721016,0.0003112338890787214
0,0.012531813234090805,0.012860765680670738,0.0002527721517253667
0,0.012227400206029415,0.013273047283291817,0.0001644972653593868
0,0.012675900012254715,0.012831076048314571,0.00029613176593557
0,0.012636813335120678,0.012831409461796284,0.0002842931426130235
0,0.012539496645331383,0.012857086956501007,0.0002550636127125472
0,0.016398200765252113,0.020466811954975128,0.0020444062538444996
0,0.012880372814834118,0.012906687334179878,0.00035882744123227894
0,0.013314696960151196,0.013357686810195446,0.000529119570273906
0,0.012570328079164028,0.012844862416386604,0.00026428388082422316
0,0.07967481017112732,0.42427265644073486,0.03415662795305252
0,0.02075986936688423,0.036937594413757324,0.0050203572027385235
0,0.013136547058820724,0.013141337782144547,0.000454577908385545
0,0.013642711564898491,0.013826096430420876,0.0006668322603218257
0,0.015605404041707516,0.018066229298710823,0.0015983134508132935
0,0.018550749868154526,0.027922727167606354,0.0034057514276355505
0,0.012157115153968334,0.013558099046349525,0.00014457963698077947
1,0.012510702945291996,0.012872209772467613,0.0002464893914293498
1,0.019339917227625847,0.031004859134554863,0.003966639284044504
1,1.5185548067092896,13.5227632522583,0.3132910430431366
1,1.0187273025512695,8.788997650146484,0.2489725798368454
1,0.02497066743671894,0.05588632449507713,0.008311339654028416
1,0.029976736754179,0.0826304629445076,0.011674097739160061
1,1.7284725904464722,15.536105155944824,0.33562472462654114
1,0.01825851947069168,0.02685283124446869,0.003206286346539855
